{
  "2021-9-5": [
    {
      "name": "task1",
      "category": "events",
      "enddate": "2021-09-06",
      "duration": 60,
      "notif": "off",
      "subtask": [
        {
          "name": "st1",
          "description" : "st1",
          "duration" : 20
        }, 
        {
          "name": "st2",
          "description" : "st2",
          "duration" : 20
        }
      ]
    },
    {
      "name": "task2",
      "category": "events",
      "enddate": "2021-09-05",
      "duration": 60,
      "notif": "off",
      "subtask": []
    }
  ],
  "2021-9-6": [
    {
      "name": "task3",
      "category": "events",
      "enddate": "2021-09-06",
      "duration": 60,
      "notif": "off",
      "subtask": []
    },
    {
      "name": "task4",
      "category": "events",
      "enddate": "2021-09-06",
      "duration": 60,
      "notif": "off",
      "subtask": [
        {
          "name": "st1",
          "description" : "st1",
          "duration" : 20
        }, 
        {
          "name": "st2",
          "description" : "st2",
          "duration" : 20
        }
      ]
    }
  ]
}